ingestion_run_id,event_id,event_ts,campaign_id,campaign_name,template_name,employee_email,employee_pernr,business_unit,event_type
run_20250930_Q3,EVT-CAMP-2025Q3-01-18032585-1,2025-07-11T20:18:42,CAMP-2025Q3-01,Quarterly Sim 1,Quarterly Sim 1,cameron.patel@example.com,18032585,CORPORATE,NO_ACTION
run_20250930_Q3,EVT-CAMP-2025Q3-01-79656043-1,2025-07-16T23:42:50,CAMP-2025Q3-01,Quarterly Sim 1,Quarterly Sim 1,sage.kim@example.com,79656043,CORPORATE,EMAIL_VIEW
run_20250930_Q3,EVT-CAMP-2025Q3-01-49499059-1,2025-07-13T09:00:57,CAMP-2025Q3-01,Quarterly Sim 1,Quarterly Sim 1,quinn.garcia@example.com,49499059,NBCU,NO_ACTION
run_20250930_Q3,EVT-CAMP-2025Q3-01-48971370-1,2025-07-14T00:55:33,CAMP-2025Q3-01,Quarterly Sim 1,Quarterly Sim 1,jordan.patel@example.com,48971370,NBCU,NO_ACTION
run_20250930_Q3,EVT-CAMP-2025Q3-01-87273811-1,2025-07-19T00:43:16,CAMP-2025Q3-01,Quarterly Sim 1,Quarterly Sim 1,robin.nguyen@example.com,87273811,CABLE,EMAIL_VIEW
run_20250930_Q3,EVT-CAMP-2025Q3-01-17735107-1,2025-07-23T11:35:42,CAMP-2025Q3-01,Quarterly Sim 1,Quarterly Sim 1,jamie.hill@example.com,17735107,NBCU,NO_ACTION
run_20250930_Q3,EVT-CAMP-2025Q3-01-72763121-1,2025-07-17T14:29:37,CAMP-2025Q3-01,Quarterly Sim 1,Quarterly Sim 1,casey.patel@example.com,72763121,SPECTACOR,NO_ACTION
run_20250930_Q3,EVT-CAMP-2025Q3-01-18475961-1,2025-07-16T12:15:00,CAMP-2025Q3-01,Quarterly Sim 1,Quarterly Sim 1,drew.lopez@example.com,18475961,NBCU,EMAIL_VIEW
run_20250930_Q3,EVT-CAMP-2025Q3-01-57383107-1,2025-07-18T00:12:09,CAMP-2025Q3-01,Quarterly Sim 1,Quarterly Sim 1,sam.king@example.com,57383107,CABLE,EMAIL_CLICK
run_20250930_Q3,EVT-CAMP-2025Q3-01-97806010-1,2025-07-18T10:02:50,CAMP-2025Q3-01,Quarterly Sim 1,Quarterly Sim 1,hayden.nguyen@example.com,97806010,SPECTACOR,REPORTED
run_20250930_Q3,EVT-CAMP-2025Q3-01-76217712-1,2025-07-17T16:30:42,CAMP-2025Q3-01,Quarterly Sim 1,Quarterly Sim 1,robin.martinez@example.com,76217712,NBCU,NO_ACTION
run_20250930_Q3,EVT-CAMP-2025Q3-01-78502572-1,2025-07-15T15:44:29,CAMP-2025Q3-01,Quarterly Sim 1,Quarterly Sim 1,drew.wright@example.com,78502572,CABLE,EMAIL_VIEW
run_20250930_Q3,EVT-CAMP-2025Q3-01-74572954-1,2025-07-15T14:39:21,CAMP-2025Q3-01,Quarterly Sim 1,Quarterly Sim 1,avery.garcia@example.com,74572954,CORPORATE,NO_ACTION
run_20250930_Q3,EVT-CAMP-2025Q3-01-80745786-1,2025-07-19T10:39:35,CAMP-2025Q3-01,Quarterly Sim 1,Quarterly Sim 1,hayden.johnson@example.com,80745786,SPECTACOR,NO_ACTION
run_20250930_Q3,EVT-CAMP-2025Q3-01-56190391-1,2025-07-19T10:23:33,CAMP-2025Q3-01,Quarterly Sim 1,Quarterly Sim 1,drew.wright@example.com,56190391,CABLE,NO_ACTION
run_20250930_Q3,EVT-CAMP-2025Q3-01-21530226-1,2025-07-19T03:15:13,CAMP-2025Q3-01,Quarterly Sim 1,Quarterly Sim 1,taylor.nguyen@example.com,21530226,CABLE,EMAIL_VIEW
run_20250930_Q3,EVT-CAMP-2025Q3-01-85577339-1,2025-07-22T15:47:28,CAMP-2025Q3-01,Quarterly Sim 1,Quarterly Sim 1,riley.lopez@example.com,85577339,CORPORATE,NO_ACTION
run_20250930_Q3,EVT-CAMP-2025Q3-01-50534733-1,2025-07-15T00:45:14,CAMP-2025Q3-01,Quarterly Sim 1,Quarterly Sim 1,parker.brown@example.com,50534733,SPECTACOR,NO_ACTION
run_20250930_Q3,EVT-CAMP-2025Q3-01-43371821-1,2025-07-18T12:47:31,CAMP-2025Q3-01,Quarterly Sim 1,Quarterly Sim 1,jordan.hill@example.com,43371821,CABLE,NO_ACTION
run_20250930_Q3,EVT-CAMP-2025Q3-01-26429467-1,2025-07-13T21:16:29,CAMP-2025Q3-01,Quarterly Sim 1,Quarterly Sim 1,hayden.lewis@example.com,26429467,CABLE,NO_ACTION
run_20250930_Q3,EVT-CAMP-2025Q3-01-80341070-1,2025-07-14T00:31:47,CAMP-2025Q3-01,Quarterly Sim 1,Quarterly Sim 1,drew.lee@example.com,80341070,CORPORATE,EMAIL_VIEW
run_20250930_Q3,EVT-CAMP-2025Q3-01-67947860-1,2025-07-19T11:12:04,CAMP-2025Q3-01,Quarterly Sim 1,Quarterly Sim 1,taylor.lewis@example.com,67947860,SPECTACOR,NO_ACTION
run_20250930_Q3,EVT-CAMP-2025Q3-01-46217292-1,2025-07-13T11:28:27,CAMP-2025Q3-01,Quarterly Sim 1,Quarterly Sim 1,emerson.rodriguez@example.com,46217292,CABLE,EMAIL_CLICK
run_20250930_Q3,EVT-CAMP-2025Q3-01-84048544-1,2025-07-18T17:55:13,CAMP-2025Q3-01,Quarterly Sim 1,Quarterly Sim 1,jordan.brown@example.com,84048544,CORPORATE,NO_ACTION
run_20250930_Q3,EVT-CAMP-2025Q3-01-59088620-1,2025-07-18T23:19:39,CAMP-2025Q3-01,Quarterly Sim 1,Quarterly Sim 1,parker.wright@example.com,59088620,CABLE,REPORTED
run_20250930_Q3,EVT-CAMP-2025Q3-01-49907277-1,2025-07-23T18:50:52,CAMP-2025Q3-01,Quarterly Sim 1,Quarterly Sim 1,rowan.garcia@example.com,49907277,SPECTACOR,REPORTED
run_20250930_Q3,EVT-CAMP-2025Q3-01-50541359-1,2025-07-18T09:50:00,CAMP-2025Q3-01,Quarterly Sim 1,Quarterly Sim 1,sam.nguyen@example.com,50541359,CABLE,NO_ACTION
run_20250930_Q3,EVT-CAMP-2025Q3-01-30451484-1,2025-07-15T04:00:41,CAMP-2025Q3-01,Quarterly Sim 1,Quarterly Sim 1,parker.lopez@example.com,30451484,NBCU,EMAIL_VIEW
run_20250930_Q3,EVT-CAMP-2025Q3-01-30451484-2,2025-07-15T04:51:41,CAMP-2025Q3-01,Quarterly Sim 1,Quarterly Sim 1,parker.lopez@example.com,30451484,NBCU,EMAIL_CLICK
run_20250930_Q3,EVT-CAMP-2025Q3-01-18292232-1,2025-07-11T16:56:30,CAMP-2025Q3-01,Quarterly Sim 1,Quarterly Sim 1,robin.rodriguez@example.com,18292232,CABLE,NO_ACTION
run_20250930_Q3,EVT-CAMP-2025Q3-01-59912630-1,2025-07-16T23:14:06,CAMP-2025Q3-01,Quarterly Sim 1,Quarterly Sim 1,quinn.patel@example.com,59912630,NBCU,NO_ACTION
run_20250930_Q3,EVT-CAMP-2025Q3-01-15743552-1,2025-07-17T03:54:42,CAMP-2025Q3-01,Quarterly Sim 1,Quarterly Sim 1,hayden.allen@example.com,15743552,CORPORATE,NO_ACTION
run_20250930_Q3,EVT-CAMP-2025Q3-01-87246215-1,2025-07-15T02:40:04,CAMP-2025Q3-01,Quarterly Sim 1,Quarterly Sim 1,riley.rodriguez@example.com,87246215,CABLE,NO_ACTION
run_20250930_Q3,EVT-CAMP-2025Q3-01-34908372-1,2025-07-22T05:30:06,CAMP-2025Q3-01,Quarterly Sim 1,Quarterly Sim 1,drew.clark@example.com,34908372,NBCU,NO_ACTION
run_20250930_Q3,EVT-CAMP-2025Q3-01-66849795-1,2025-07-16T23:01:46,CAMP-2025Q3-01,Quarterly Sim 1,Quarterly Sim 1,parker.lee@example.com,66849795,NBCU,REPORTED
run_20250930_Q3,EVT-CAMP-2025Q3-01-24870616-1,2025-07-18T11:12:39,CAMP-2025Q3-01,Quarterly Sim 1,Quarterly Sim 1,cameron.patel@example.com,24870616,SPECTACOR,REPORTED
run_20250930_Q3,EVT-CAMP-2025Q3-01-78227895-1,2025-07-17T13:42:03,CAMP-2025Q3-01,Quarterly Sim 1,Quarterly Sim 1,hayden.hill@example.com,78227895,CABLE,REPORTED
run_20250930_Q3,EVT-CAMP-2025Q3-01-73047066-1,2025-07-20T19:58:36,CAMP-2025Q3-01,Quarterly Sim 1,Quarterly Sim 1,alex.lewis@example.com,73047066,CORPORATE,EMAIL_VIEW
run_20250930_Q3,EVT-CAMP-2025Q3-01-41907336-1,2025-07-15T19:54:25,CAMP-2025Q3-01,Quarterly Sim 1,Quarterly Sim 1,rowan.wright@example.com,41907336,CABLE,EMAIL_VIEW
run_20250930_Q3,EVT-CAMP-2025Q3-01-16112800-1,2025-07-18T22:31:04,CAMP-2025Q3-01,Quarterly Sim 1,Quarterly Sim 1,parker.johnson@example.com,16112800,NBCU,EMAIL_VIEW
run_20250930_Q3,EVT-CAMP-2025Q3-01-16112800-2,2025-07-18T22:49:04,CAMP-2025Q3-01,Quarterly Sim 1,Quarterly Sim 1,parker.johnson@example.com,16112800,NBCU,EMAIL_CLICK
run_20250930_Q3,EVT-CAMP-2025Q3-01-97362821-1,2025-07-13T01:08:49,CAMP-2025Q3-01,Quarterly Sim 1,Quarterly Sim 1,jordan.patel@example.com,97362821,CORPORATE,NO_ACTION
run_20250930_Q3,EVT-CAMP-2025Q3-01-90380900-1,2025-07-16T18:40:16,CAMP-2025Q3-01,Quarterly Sim 1,Quarterly Sim 1,reese.walker@example.com,90380900,CABLE,EMAIL_VIEW
run_20250930_Q3,EVT-CAMP-2025Q3-01-78390948-1,2025-07-17T05:14:10,CAMP-2025Q3-01,Quarterly Sim 1,Quarterly Sim 1,sam.young@example.com,78390948,CABLE,NO_ACTION
run_20250930_Q3,EVT-CAMP-2025Q3-01-27517483-1,2025-07-16T21:13:57,CAMP-2025Q3-01,Quarterly Sim 1,Quarterly Sim 1,casey.young@example.com,27517483,CABLE,EMAIL_VIEW
run_20250930_Q3,EVT-CAMP-2025Q3-01-27517483-2,2025-07-16T22:25:57,CAMP-2025Q3-01,Quarterly Sim 1,Quarterly Sim 1,casey.young@example.com,27517483,CABLE,EMAIL_CLICK
run_20250930_Q3,EVT-CAMP-2025Q3-01-42751542-1,2025-07-19T23:01:47,CAMP-2025Q3-01,Quarterly Sim 1,Quarterly Sim 1,emerson.kim@example.com,42751542,NBCU,NO_ACTION
run_20250930_Q3,EVT-CAMP-2025Q3-01-52004889-1,2025-07-13T20:24:05,CAMP-2025Q3-01,Quarterly Sim 1,Quarterly Sim 1,drew.kim@example.com,52004889,CABLE,NO_ACTION
run_20250930_Q3,EVT-CAMP-2025Q3-01-13942338-1,2025-07-16T10:16:04,CAMP-2025Q3-01,Quarterly Sim 1,Quarterly Sim 1,alex.lee@example.com,13942338,NBCU,EMAIL_VIEW
run_20250930_Q3,EVT-CAMP-2025Q3-01-59191254-1,2025-07-15T15:46:11,CAMP-2025Q3-01,Quarterly Sim 1,Quarterly Sim 1,cameron.martinez@example.com,59191254,NBCU,NO_ACTION
run_20250930_Q3,EVT-CAMP-2025Q3-01-23886054-1,2025-07-15T08:28:19,CAMP-2025Q3-01,Quarterly Sim 1,Quarterly Sim 1,cameron.clark@example.com,23886054,CORPORATE,NO_ACTION
run_20250930_Q3,EVT-CAMP-2025Q3-01-76903830-1,2025-07-17T21:19:37,CAMP-2025Q3-01,Quarterly Sim 1,Quarterly Sim 1,jordan.garcia@example.com,76903830,CABLE,EMAIL_VIEW
run_20250930_Q3,EVT-CAMP-2025Q3-01-71474405-1,2025-07-11T18:49:17,CAMP-2025Q3-01,Quarterly Sim 1,Quarterly Sim 1,robin.nguyen@example.com,71474405,CABLE,EMAIL_VIEW
run_20250930_Q3,EVT-CAMP-2025Q3-01-93027504-1,2025-07-10T05:26:26,CAMP-2025Q3-01,Quarterly Sim 1,Quarterly Sim 1,jordan.kim@example.com,93027504,CORPORATE,EMAIL_VIEW
run_20250930_Q3,EVT-CAMP-2025Q3-01-93027504-2,2025-07-10T06:26:26,CAMP-2025Q3-01,Quarterly Sim 1,Quarterly Sim 1,jordan.kim@example.com,93027504,CORPORATE,EMAIL_CLICK
run_20250930_Q3,EVT-CAMP-2025Q3-01-77028593-1,2025-07-18T23:45:18,CAMP-2025Q3-01,Quarterly Sim 1,Quarterly Sim 1,hayden.johnson@example.com,77028593,CORPORATE,EMAIL_VIEW
run_20250930_Q3,EVT-CAMP-2025Q3-01-42997838-1,2025-07-14T03:45:17,CAMP-2025Q3-01,Quarterly Sim 1,Quarterly Sim 1,jordan.hill@example.com,42997838,CORPORATE,EMAIL_VIEW
run_20250930_Q3,EVT-CAMP-2025Q3-01-97075874-1,2025-07-16T03:28:03,CAMP-2025Q3-01,Quarterly Sim 1,Quarterly Sim 1,jordan.patel@example.com,97075874,NBCU,NO_ACTION
run_20250930_Q3,EVT-CAMP-2025Q3-01-46976531-1,2025-07-14T15:06:01,CAMP-2025Q3-01,Quarterly Sim 1,Quarterly Sim 1,sam.allen@example.com,46976531,CABLE,NO_ACTION
run_20250930_Q3,EVT-CAMP-2025Q3-01-39324281-1,2025-07-16T03:15:37,CAMP-2025Q3-01,Quarterly Sim 1,Quarterly Sim 1,jordan.clark@example.com,39324281,SPECTACOR,REPORTED
run_20250930_Q3,EVT-CAMP-2025Q3-01-91498217-1,2025-07-20T13:51:13,CAMP-2025Q3-01,Quarterly Sim 1,Quarterly Sim 1,hayden.brown@example.com,91498217,CORPORATE,EMAIL_VIEW
run_20250930_Q3,EVT-CAMP-2025Q3-01-16870886-1,2025-07-13T08:45:16,CAMP-2025Q3-01,Quarterly Sim 1,Quarterly Sim 1,morgan.patel@example.com,16870886,NBCU,EMAIL_VIEW
run_20250930_Q3,EVT-CAMP-2025Q3-01-16870886-2,2025-07-13T09:05:16,CAMP-2025Q3-01,Quarterly Sim 1,Quarterly Sim 1,morgan.patel@example.com,16870886,NBCU,EMAIL_CLICK
run_20250930_Q3,EVT-CAMP-2025Q3-01-52260022-1,2025-07-16T02:01:45,CAMP-2025Q3-01,Quarterly Sim 1,Quarterly Sim 1,rowan.lee@example.com,52260022,CABLE,NO_ACTION
run_20250930_Q3,EVT-CAMP-2025Q3-01-81611196-1,2025-07-19T23:54:27,CAMP-2025Q3-01,Quarterly Sim 1,Quarterly Sim 1,riley.wright@example.com,81611196,CORPORATE,REPORTED
run_20250930_Q3,EVT-CAMP-2025Q3-01-27052422-1,2025-07-18T18:43:04,CAMP-2025Q3-01,Quarterly Sim 1,Quarterly Sim 1,parker.clark@example.com,27052422,CABLE,NO_ACTION
run_20250930_Q3,EVT-CAMP-2025Q3-01-51664650-1,2025-07-18T20:12:53,CAMP-2025Q3-01,Quarterly Sim 1,Quarterly Sim 1,rowan.johnson@example.com,51664650,NBCU,EMAIL_VIEW
run_20250930_Q3,EVT-CAMP-2025Q3-01-21692935-1,2025-07-12T17:20:34,CAMP-2025Q3-01,Quarterly Sim 1,Quarterly Sim 1,sage.hill@example.com,21692935,CORPORATE,NO_ACTION
run_20250930_Q3,EVT-CAMP-2025Q3-01-71783038-1,2025-07-16T12:12:20,CAMP-2025Q3-01,Quarterly Sim 1,Quarterly Sim 1,quinn.davis@example.com,71783038,CABLE,NO_ACTION
run_20250930_Q3,EVT-CAMP-2025Q3-01-39717669-1,2025-07-15T13:06:37,CAMP-2025Q3-01,Quarterly Sim 1,Quarterly Sim 1,hayden.martinez@example.com,39717669,CABLE,NO_ACTION
run_20250930_Q3,EVT-CAMP-2025Q3-01-30421841-1,2025-07-18T15:20:42,CAMP-2025Q3-01,Quarterly Sim 1,Quarterly Sim 1,jordan.scott@example.com,30421841,CABLE,EMAIL_VIEW
run_20250930_Q3,EVT-CAMP-2025Q3-01-70283258-1,2025-07-15T06:21:19,CAMP-2025Q3-01,Quarterly Sim 1,Quarterly Sim 1,riley.lewis@example.com,70283258,NBCU,EMAIL_VIEW
run_20250930_Q3,EVT-CAMP-2025Q3-01-94627547-1,2025-07-20T11:16:52,CAMP-2025Q3-01,Quarterly Sim 1,Quarterly Sim 1,jordan.hill@example.com,94627547,NBCU,NO_ACTION
run_20250930_Q3,EVT-CAMP-2025Q3-01-49343672-1,2025-07-10T23:09:40,CAMP-2025Q3-01,Quarterly Sim 1,Quarterly Sim 1,rowan.kim@example.com,49343672,CORPORATE,EMAIL_VIEW
run_20250930_Q3,EVT-CAMP-2025Q3-01-24461934-1,2025-07-17T15:38:51,CAMP-2025Q3-01,Quarterly Sim 1,Quarterly Sim 1,robin.young@example.com,24461934,NBCU,EMAIL_VIEW
run_20250930_Q3,EVT-CAMP-2025Q3-01-84941036-1,2025-07-15T00:30:52,CAMP-2025Q3-01,Quarterly Sim 1,Quarterly Sim 1,casey.allen@example.com,84941036,CABLE,EMAIL_VIEW
run_20250930_Q3,EVT-CAMP-2025Q3-01-66678786-1,2025-07-14T09:15:05,CAMP-2025Q3-01,Quarterly Sim 1,Quarterly Sim 1,robin.allen@example.com,66678786,NBCU,EMAIL_VIEW
run_20250930_Q3,EVT-CAMP-2025Q3-01-18750396-1,2025-07-14T17:18:14,CAMP-2025Q3-01,Quarterly Sim 1,Quarterly Sim 1,sam.patel@example.com,18750396,CABLE,REPORTED
run_20250930_Q3,EVT-CAMP-2025Q3-01-38112997-1,2025-07-21T18:46:32,CAMP-2025Q3-01,Quarterly Sim 1,Quarterly Sim 1,sage.scott@example.com,38112997,CORPORATE,EMAIL_VIEW
run_20250930_Q3,EVT-CAMP-2025Q3-01-79105951-1,2025-07-13T07:02:09,CAMP-2025Q3-01,Quarterly Sim 1,Quarterly Sim 1,morgan.clark@example.com,79105951,NBCU,EMAIL_VIEW
run_20250930_Q3,EVT-CAMP-2025Q3-01-84903381-1,2025-07-20T13:28:54,CAMP-2025Q3-01,Quarterly Sim 1,Quarterly Sim 1,taylor.johnson@example.com,84903381,CABLE,NO_ACTION
run_20250930_Q3,EVT-CAMP-2025Q3-01-49169499-1,2025-07-11T09:02:21,CAMP-2025Q3-01,Quarterly Sim 1,Quarterly Sim 1,rowan.scott@example.com,49169499,NBCU,EMAIL_VIEW
run_20250930_Q3,EVT-CAMP-2025Q3-01-49169499-2,2025-07-11T10:15:21,CAMP-2025Q3-01,Quarterly Sim 1,Quarterly Sim 1,rowan.scott@example.com,49169499,NBCU,EMAIL_CLICK
run_20250930_Q3,EVT-CAMP-2025Q3-01-82428791-1,2025-07-21T03:05:17,CAMP-2025Q3-01,Quarterly Sim 1,Quarterly Sim 1,jordan.davis@example.com,82428791,SPECTACOR,NO_ACTION
run_20250930_Q3,EVT-CAMP-2025Q3-01-85752267-1,2025-07-16T08:18:04,CAMP-2025Q3-01,Quarterly Sim 1,Quarterly Sim 1,jordan.rodriguez@example.com,85752267,CABLE,EMAIL_VIEW
run_20250930_Q3,EVT-CAMP-2025Q3-01-44873053-1,2025-07-19T16:42:21,CAMP-2025Q3-01,Quarterly Sim 1,Quarterly Sim 1,reese.garcia@example.com,44873053,CABLE,EMAIL_VIEW
run_20250930_Q3,EVT-CAMP-2025Q3-01-90827885-1,2025-07-11T21:08:38,CAMP-2025Q3-01,Quarterly Sim 1,Quarterly Sim 1,robin.nguyen@example.com,90827885,CABLE,EMAIL_VIEW
run_20250930_Q3,EVT-CAMP-2025Q3-01-35949529-1,2025-07-17T02:14:32,CAMP-2025Q3-01,Quarterly Sim 1,Quarterly Sim 1,robin.davis@example.com,35949529,NBCU,NO_ACTION
run_20250930_Q3,EVT-CAMP-2025Q3-01-31560200-1,2025-07-13T13:49:30,CAMP-2025Q3-01,Quarterly Sim 1,Quarterly Sim 1,quinn.johnson@example.com,31560200,CABLE,NO_ACTION
run_20250930_Q3,EVT-CAMP-2025Q3-01-71424594-1,2025-07-13T18:18:20,CAMP-2025Q3-01,Quarterly Sim 1,Quarterly Sim 1,skyler.lee@example.com,71424594,CABLE,EMAIL_VIEW
run_20250930_Q3,EVT-CAMP-2025Q3-01-67308563-1,2025-07-16T00:59:07,CAMP-2025Q3-01,Quarterly Sim 1,Quarterly Sim 1,skyler.martinez@example.com,67308563,CORPORATE,NO_ACTION
run_20250930_Q3,EVT-CAMP-2025Q3-01-22577723-1,2025-07-20T03:30:14,CAMP-2025Q3-01,Quarterly Sim 1,Quarterly Sim 1,skyler.martinez@example.com,22577723,NBCU,NO_ACTION
run_20250930_Q3,EVT-CAMP-2025Q3-01-84946306-1,2025-07-21T05:15:36,CAMP-2025Q3-01,Quarterly Sim 1,Quarterly Sim 1,rowan.scott@example.com,84946306,CABLE,EMAIL_VIEW
run_20250930_Q3,EVT-CAMP-2025Q3-01-82440919-1,2025-07-20T16:41:32,CAMP-2025Q3-01,Quarterly Sim 1,Quarterly Sim 1,robin.walker@example.com,82440919,CABLE,EMAIL_VIEW
run_20250930_Q3,EVT-CAMP-2025Q3-01-82440919-2,2025-07-20T17:38:32,CAMP-2025Q3-01,Quarterly Sim 1,Quarterly Sim 1,robin.walker@example.com,82440919,CABLE,EMAIL_CLICK
run_20250930_Q3,EVT-CAMP-2025Q3-01-10662604-1,2025-07-12T22:27:23,CAMP-2025Q3-01,Quarterly Sim 1,Quarterly Sim 1,emerson.allen@example.com,10662604,NBCU,EMAIL_VIEW
run_20250930_Q3,EVT-CAMP-2025Q3-01-81715831-1,2025-07-20T16:37:29,CAMP-2025Q3-01,Quarterly Sim 1,Quarterly Sim 1,quinn.patel@example.com,81715831,CORPORATE,NO_ACTION
run_20250930_Q3,EVT-CAMP-2025Q3-01-80823193-1,2025-07-12T21:37:38,CAMP-2025Q3-01,Quarterly Sim 1,Quarterly Sim 1,cameron.brown@example.com,80823193,NBCU,EMAIL_VIEW
run_20250930_Q3,EVT-CAMP-2025Q3-01-80823193-2,2025-07-12T22:30:38,CAMP-2025Q3-01,Quarterly Sim 1,Quarterly Sim 1,cameron.brown@example.com,80823193,NBCU,EMAIL_CLICK
run_20250930_Q3,EVT-CAMP-2025Q3-01-80232787-1,2025-07-10T16:29:17,CAMP-2025Q3-01,Quarterly Sim 1,Quarterly Sim 1,robin.lewis@example.com,80232787,CABLE,EMAIL_VIEW
run_20250930_Q3,EVT-CAMP-2025Q3-01-69836576-1,2025-07-12T17:52:32,CAMP-2025Q3-01,Quarterly Sim 1,Quarterly Sim 1,reese.wright@example.com,69836576,CORPORATE,NO_ACTION
run_20250930_Q3,EVT-CAMP-2025Q3-01-52441042-1,2025-07-22T01:30:09,CAMP-2025Q3-01,Quarterly Sim 1,Quarterly Sim 1,casey.king@example.com,52441042,SPECTACOR,NO_ACTION
run_20250930_Q3,EVT-CAMP-2025Q3-01-73464883-1,2025-07-12T14:25:35,CAMP-2025Q3-01,Quarterly Sim 1,Quarterly Sim 1,robin.hill@example.com,73464883,NBCU,NO_ACTION
run_20250930_Q3,EVT-CAMP-2025Q3-01-34940945-1,2025-07-20T16:34:17,CAMP-2025Q3-01,Quarterly Sim 1,Quarterly Sim 1,taylor.young@example.com,34940945,NBCU,NO_ACTION
run_20250930_Q3,EVT-CAMP-2025Q3-01-60008225-1,2025-07-12T01:01:22,CAMP-2025Q3-01,Quarterly Sim 1,Quarterly Sim 1,skyler.brown@example.com,60008225,CORPORATE,EMAIL_VIEW
run_20250930_Q3,EVT-CAMP-2025Q3-01-51302419-1,2025-07-10T10:49:31,CAMP-2025Q3-01,Quarterly Sim 1,Quarterly Sim 1,rowan.young@example.com,51302419,NBCU,EMAIL_VIEW
run_20250930_Q3,EVT-CAMP-2025Q3-01-51302419-2,2025-07-10T11:37:31,CAMP-2025Q3-01,Quarterly Sim 1,Quarterly Sim 1,rowan.young@example.com,51302419,NBCU,EMAIL_CLICK
run_20250930_Q3,EVT-CAMP-2025Q3-01-55504562-1,2025-07-17T11:24:24,CAMP-2025Q3-01,Quarterly Sim 1,Quarterly Sim 1,sage.brown@example.com,55504562,NBCU,EMAIL_VIEW
run_20250930_Q3,EVT-CAMP-2025Q3-01-61186707-1,2025-07-16T14:58:19,CAMP-2025Q3-01,Quarterly Sim 1,Quarterly Sim 1,robin.lee@example.com,61186707,SPECTACOR,EMAIL_VIEW
run_20250930_Q3,EVT-CAMP-2025Q3-01-13353608-1,2025-07-16T13:21:20,CAMP-2025Q3-01,Quarterly Sim 1,Quarterly Sim 1,morgan.nguyen@example.com,13353608,NBCU,EMAIL_VIEW
run_20250930_Q3,EVT-CAMP-2025Q3-01-22581729-1,2025-07-13T10:27:27,CAMP-2025Q3-01,Quarterly Sim 1,Quarterly Sim 1,reese.johnson@example.com,22581729,CABLE,NO_ACTION
run_20250930_Q3,EVT-CAMP-2025Q3-01-32093304-1,2025-07-21T07:57:27,CAMP-2025Q3-01,Quarterly Sim 1,Quarterly Sim 1,alex.martinez@example.com,32093304,SPECTACOR,EMAIL_VIEW
run_20250930_Q3,EVT-CAMP-2025Q3-01-49565221-1,2025-07-21T18:13:12,CAMP-2025Q3-01,Quarterly Sim 1,Quarterly Sim 1,rowan.johnson@example.com,49565221,CORPORATE,EMAIL_VIEW
run_20250930_Q3,EVT-CAMP-2025Q3-01-70156265-1,2025-07-18T07:51:51,CAMP-2025Q3-01,Quarterly Sim 1,Quarterly Sim 1,casey.martinez@example.com,70156265,NBCU,EMAIL_VIEW
run_20250930_Q3,EVT-CAMP-2025Q3-01-68898596-1,2025-07-18T10:04:58,CAMP-2025Q3-01,Quarterly Sim 1,Quarterly Sim 1,jordan.king@example.com,68898596,NBCU,EMAIL_VIEW
run_20250930_Q3,EVT-CAMP-2025Q3-01-52398658-1,2025-07-23T06:16:57,CAMP-2025Q3-01,Quarterly Sim 1,Quarterly Sim 1,casey.nguyen@example.com,52398658,CABLE,EMAIL_VIEW
run_20250930_Q3,EVT-CAMP-2025Q3-01-86957199-1,2025-07-20T09:29:12,CAMP-2025Q3-01,Quarterly Sim 1,Quarterly Sim 1,cameron.lopez@example.com,86957199,CABLE,NO_ACTION
run_20250930_Q3,EVT-CAMP-2025Q3-02-18032585-1,2025-08-19T20:59:21,CAMP-2025Q3-02,Quarterly Sim 2,Quarterly Sim 2,cameron.patel@example.com,18032585,CORPORATE,EMAIL_CLICK
run_20250930_Q3,EVT-CAMP-2025Q3-02-79656043-1,2025-08-16T07:59:26,CAMP-2025Q3-02,Quarterly Sim 2,Quarterly Sim 2,sage.kim@example.com,79656043,CORPORATE,REPORTED
run_20250930_Q3,EVT-CAMP-2025Q3-02-49499059-1,2025-08-22T10:47:51,CAMP-2025Q3-02,Quarterly Sim 2,Quarterly Sim 2,quinn.garcia@example.com,49499059,NBCU,NO_ACTION
run_20250930_Q3,EVT-CAMP-2025Q3-02-48971370-1,2025-08-24T01:02:48,CAMP-2025Q3-02,Quarterly Sim 2,Quarterly Sim 2,jordan.patel@example.com,48971370,NBCU,NO_ACTION
run_20250930_Q3,EVT-CAMP-2025Q3-02-87273811-1,2025-08-16T07:08:58,CAMP-2025Q3-02,Quarterly Sim 2,Quarterly Sim 2,robin.nguyen@example.com,87273811,CABLE,NO_ACTION
run_20250930_Q3,EVT-CAMP-2025Q3-02-17735107-1,2025-08-24T02:10:22,CAMP-2025Q3-02,Quarterly Sim 2,Quarterly Sim 2,jamie.hill@example.com,17735107,NBCU,NO_ACTION
run_20250930_Q3,EVT-CAMP-2025Q3-02-72763121-1,2025-08-18T23:42:04,CAMP-2025Q3-02,Quarterly Sim 2,Quarterly Sim 2,casey.patel@example.com,72763121,SPECTACOR,EMAIL_VIEW
run_20250930_Q3,EVT-CAMP-2025Q3-02-18475961-1,2025-08-14T21:38:12,CAMP-2025Q3-02,Quarterly Sim 2,Quarterly Sim 2,drew.lopez@example.com,18475961,NBCU,EMAIL_VIEW
run_20250930_Q3,EVT-CAMP-2025Q3-02-18475961-2,2025-08-14T21:45:12,CAMP-2025Q3-02,Quarterly Sim 2,Quarterly Sim 2,drew.lopez@example.com,18475961,NBCU,EMAIL_CLICK
run_20250930_Q3,EVT-CAMP-2025Q3-02-18475961-3,2025-08-14T22:40:12,CAMP-2025Q3-02,Quarterly Sim 2,Quarterly Sim 2,drew.lopez@example.com,18475961,NBCU,DATA_SUBMISSION
run_20250930_Q3,EVT-CAMP-2025Q3-02-57383107-1,2025-08-14T10:38:54,CAMP-2025Q3-02,Quarterly Sim 2,Quarterly Sim 2,sam.king@example.com,57383107,CABLE,NO_ACTION
run_20250930_Q3,EVT-CAMP-2025Q3-02-97806010-1,2025-08-20T10:56:32,CAMP-2025Q3-02,Quarterly Sim 2,Quarterly Sim 2,hayden.nguyen@example.com,97806010,SPECTACOR,NO_ACTION
run_20250930_Q3,EVT-CAMP-2025Q3-02-76217712-1,2025-08-12T19:31:41,CAMP-2025Q3-02,Quarterly Sim 2,Quarterly Sim 2,robin.martinez@example.com,76217712,NBCU,EMAIL_VIEW
run_20250930_Q3,EVT-CAMP-2025Q3-02-78502572-1,2025-08-21T01:44:39,CAMP-2025Q3-02,Quarterly Sim 2,Quarterly Sim 2,drew.wright@example.com,78502572,CABLE,NO_ACTION
run_20250930_Q3,EVT-CAMP-2025Q3-02-74572954-1,2025-08-16T21:10:44,CAMP-2025Q3-02,Quarterly Sim 2,Quarterly Sim 2,avery.garcia@example.com,74572954,CORPORATE,NO_ACTION
run_20250930_Q3,EVT-CAMP-2025Q3-02-80745786-1,2025-08-23T04:03:44,CAMP-2025Q3-02,Quarterly Sim 2,Quarterly Sim 2,hayden.johnson@example.com,80745786,SPECTACOR,EMAIL_VIEW
run_20250930_Q3,EVT-CAMP-2025Q3-02-56190391-1,2025-08-19T10:54:07,CAMP-2025Q3-02,Quarterly Sim 2,Quarterly Sim 2,drew.wright@example.com,56190391,CABLE,EMAIL_VIEW
run_20250930_Q3,EVT-CAMP-2025Q3-02-56190391-2,2025-08-19T11:14:07,CAMP-2025Q3-02,Quarterly Sim 2,Quarterly Sim 2,drew.wright@example.com,56190391,CABLE,EMAIL_CLICK
run_20250930_Q3,EVT-CAMP-2025Q3-02-21530226-1,2025-08-18T19:41:51,CAMP-2025Q3-02,Quarterly Sim 2,Quarterly Sim 2,taylor.nguyen@example.com,21530226,CABLE,NO_ACTION
run_20250930_Q3,EVT-CAMP-2025Q3-02-85577339-1,2025-08-22T21:29:14,CAMP-2025Q3-02,Quarterly Sim 2,Quarterly Sim 2,riley.lopez@example.com,85577339,CORPORATE,NO_ACTION
run_20250930_Q3,EVT-CAMP-2025Q3-02-50534733-1,2025-08-21T18:30:34,CAMP-2025Q3-02,Quarterly Sim 2,Quarterly Sim 2,parker.brown@example.com,50534733,SPECTACOR,EMAIL_VIEW
run_20250930_Q3,EVT-CAMP-2025Q3-02-43371821-1,2025-08-12T19:11:47,CAMP-2025Q3-02,Quarterly Sim 2,Quarterly Sim 2,jordan.hill@example.com,43371821,CABLE,EMAIL_VIEW
run_20250930_Q3,EVT-CAMP-2025Q3-02-43371821-2,2025-08-12T20:34:47,CAMP-2025Q3-02,Quarterly Sim 2,Quarterly Sim 2,jordan.hill@example.com,43371821,CABLE,EMAIL_CLICK
run_20250930_Q3,EVT-CAMP-2025Q3-02-43371821-3,2025-08-12T20:31:47,CAMP-2025Q3-02,Quarterly Sim 2,Quarterly Sim 2,jordan.hill@example.com,43371821,CABLE,DATA_SUBMISSION
run_20250930_Q3,EVT-CAMP-2025Q3-02-26429467-1,2025-08-22T18:36:13,CAMP-2025Q3-02,Quarterly Sim 2,Quarterly Sim 2,hayden.lewis@example.com,26429467,CABLE,NO_ACTION
run_20250930_Q3,EVT-CAMP-2025Q3-02-80341070-1,2025-08-18T02:13:12,CAMP-2025Q3-02,Quarterly Sim 2,Quarterly Sim 2,drew.lee@example.com,80341070,CORPORATE,NO_ACTION
run_20250930_Q3,EVT-CAMP-2025Q3-02-67947860-1,2025-08-17T14:24:48,CAMP-2025Q3-02,Quarterly Sim 2,Quarterly Sim 2,taylor.lewis@example.com,67947860,SPECTACOR,EMAIL_VIEW
run_20250930_Q3,EVT-CAMP-2025Q3-02-46217292-1,2025-08-21T07:45:43,CAMP-2025Q3-02,Quarterly Sim 2,Quarterly Sim 2,emerson.rodriguez@example.com,46217292,CABLE,EMAIL_VIEW
run_20250930_Q3,EVT-CAMP-2025Q3-02-46217292-2,2025-08-21T08:15:43,CAMP-2025Q3-02,Quarterly Sim 2,Quarterly Sim 2,emerson.rodriguez@example.com,46217292,CABLE,EMAIL_CLICK
run_20250930_Q3,EVT-CAMP-2025Q3-02-84048544-1,2025-08-17T09:26:21,CAMP-2025Q3-02,Quarterly Sim 2,Quarterly Sim 2,jordan.brown@example.com,84048544,CORPORATE,NO_ACTION
run_20250930_Q3,EVT-CAMP-2025Q3-02-59088620-1,2025-08-17T20:22:39,CAMP-2025Q3-02,Quarterly Sim 2,Quarterly Sim 2,parker.wright@example.com,59088620,CABLE,NO_ACTION
run_20250930_Q3,EVT-CAMP-2025Q3-02-49907277-1,2025-08-21T20:45:23,CAMP-2025Q3-02,Quarterly Sim 2,Quarterly Sim 2,rowan.garcia@example.com,49907277,SPECTACOR,REPORTED
run_20250930_Q3,EVT-CAMP-2025Q3-02-50541359-1,2025-08-20T17:23:32,CAMP-2025Q3-02,Quarterly Sim 2,Quarterly Sim 2,sam.nguyen@example.com,50541359,CABLE,EMAIL_VIEW
run_20250930_Q3,EVT-CAMP-2025Q3-02-30451484-1,2025-08-22T21:23:26,CAMP-2025Q3-02,Quarterly Sim 2,Quarterly Sim 2,parker.lopez@example.com,30451484,NBCU,REPORTED
run_20250930_Q3,EVT-CAMP-2025Q3-02-18292232-1,2025-08-15T22:23:37,CAMP-2025Q3-02,Quarterly Sim 2,Quarterly Sim 2,robin.rodriguez@example.com,18292232,CABLE,EMAIL_VIEW
run_20250930_Q3,EVT-CAMP-2025Q3-02-59912630-1,2025-08-16T21:52:24,CAMP-2025Q3-02,Quarterly Sim 2,Quarterly Sim 2,quinn.patel@example.com,59912630,NBCU,NO_ACTION
run_20250930_Q3,EVT-CAMP-2025Q3-02-15743552-1,2025-08-20T08:04:11,CAMP-2025Q3-02,Quarterly Sim 2,Quarterly Sim 2,hayden.allen@example.com,15743552,CORPORATE,EMAIL_VIEW
run_20250930_Q3,EVT-CAMP-2025Q3-02-87246215-1,2025-08-16T03:57:38,CAMP-2025Q3-02,Quarterly Sim 2,Quarterly Sim 2,riley.rodriguez@example.com,87246215,CABLE,EMAIL_VIEW
run_20250930_Q3,EVT-CAMP-2025Q3-02-34908372-1,2025-08-19T08:34:37,CAMP-2025Q3-02,Quarterly Sim 2,Quarterly Sim 2,drew.clark@example.com,34908372,NBCU,NO_ACTION
run_20250930_Q3,EVT-CAMP-2025Q3-02-66849795-1,2025-08-22T12:36:58,CAMP-2025Q3-02,Quarterly Sim 2,Quarterly Sim 2,parker.lee@example.com,66849795,NBCU,EMAIL_VIEW
run_20250930_Q3,EVT-CAMP-2025Q3-02-66849795-2,2025-08-22T13:11:58,CAMP-2025Q3-02,Quarterly Sim 2,Quarterly Sim 2,parker.lee@example.com,66849795,NBCU,EMAIL_CLICK
run_20250930_Q3,EVT-CAMP-2025Q3-02-24870616-1,2025-08-14T04:13:57,CAMP-2025Q3-02,Quarterly Sim 2,Quarterly Sim 2,cameron.patel@example.com,24870616,SPECTACOR,NO_ACTION
run_20250930_Q3,EVT-CAMP-2025Q3-02-78227895-1,2025-08-23T20:02:33,CAMP-2025Q3-02,Quarterly Sim 2,Quarterly Sim 2,hayden.hill@example.com,78227895,CABLE,EMAIL_VIEW
run_20250930_Q3,EVT-CAMP-2025Q3-02-73047066-1,2025-08-20T21:16:16,CAMP-2025Q3-02,Quarterly Sim 2,Quarterly Sim 2,alex.lewis@example.com,73047066,CORPORATE,EMAIL_CLICK
run_20250930_Q3,EVT-CAMP-2025Q3-02-41907336-1,2025-08-16T12:57:01,CAMP-2025Q3-02,Quarterly Sim 2,Quarterly Sim 2,rowan.wright@example.com,41907336,CABLE,NO_ACTION
run_20250930_Q3,EVT-CAMP-2025Q3-02-16112800-1,2025-08-20T01:43:27,CAMP-2025Q3-02,Quarterly Sim 2,Quarterly Sim 2,parker.johnson@example.com,16112800,NBCU,NO_ACTION
run_20250930_Q3,EVT-CAMP-2025Q3-02-97362821-1,2025-08-17T04:03:44,CAMP-2025Q3-02,Quarterly Sim 2,Quarterly Sim 2,jordan.patel@example.com,97362821,CORPORATE,EMAIL_VIEW
run_20250930_Q3,EVT-CAMP-2025Q3-02-90380900-1,2025-08-19T17:51:48,CAMP-2025Q3-02,Quarterly Sim 2,Quarterly Sim 2,reese.walker@example.com,90380900,CABLE,EMAIL_CLICK
run_20250930_Q3,EVT-CAMP-2025Q3-02-78390948-1,2025-08-22T16:36:27,CAMP-2025Q3-02,Quarterly Sim 2,Quarterly Sim 2,sam.young@example.com,78390948,CABLE,REPORTED
run_20250930_Q3,EVT-CAMP-2025Q3-02-27517483-1,2025-08-14T20:20:53,CAMP-2025Q3-02,Quarterly Sim 2,Quarterly Sim 2,casey.young@example.com,27517483,CABLE,NO_ACTION
run_20250930_Q3,EVT-CAMP-2025Q3-02-42751542-1,2025-08-15T18:32:39,CAMP-2025Q3-02,Quarterly Sim 2,Quarterly Sim 2,emerson.kim@example.com,42751542,NBCU,EMAIL_CLICK
run_20250930_Q3,EVT-CAMP-2025Q3-02-52004889-1,2025-08-18T04:16:16,CAMP-2025Q3-02,Quarterly Sim 2,Quarterly Sim 2,drew.kim@example.com,52004889,CABLE,EMAIL_VIEW
run_20250930_Q3,EVT-CAMP-2025Q3-02-13942338-1,2025-08-16T11:41:04,CAMP-2025Q3-02,Quarterly Sim 2,Quarterly Sim 2,alex.lee@example.com,13942338,NBCU,EMAIL_VIEW
run_20250930_Q3,EVT-CAMP-2025Q3-02-59191254-1,2025-08-14T20:01:08,CAMP-2025Q3-02,Quarterly Sim 2,Quarterly Sim 2,cameron.martinez@example.com,59191254,NBCU,EMAIL_VIEW
run_20250930_Q3,EVT-CAMP-2025Q3-02-23886054-1,2025-08-17T13:29:15,CAMP-2025Q3-02,Quarterly Sim 2,Quarterly Sim 2,cameron.clark@example.com,23886054,CORPORATE,REPORTED
run_20250930_Q3,EVT-CAMP-2025Q3-02-76903830-1,2025-08-23T02:21:40,CAMP-2025Q3-02,Quarterly Sim 2,Quarterly Sim 2,jordan.garcia@example.com,76903830,CABLE,NO_ACTION
run_20250930_Q3,EVT-CAMP-2025Q3-02-71474405-1,2025-08-23T22:37:44,CAMP-2025Q3-02,Quarterly Sim 2,Quarterly Sim 2,robin.nguyen@example.com,71474405,CABLE,NO_ACTION
run_20250930_Q3,EVT-CAMP-2025Q3-02-93027504-1,2025-08-24T17:22:49,CAMP-2025Q3-02,Quarterly Sim 2,Quarterly Sim 2,jordan.kim@example.com,93027504,CORPORATE,REPORTED
run_20250930_Q3,EVT-CAMP-2025Q3-02-77028593-1,2025-08-21T06:31:27,CAMP-2025Q3-02,Quarterly Sim 2,Quarterly Sim 2,hayden.johnson@example.com,77028593,CORPORATE,EMAIL_VIEW
run_20250930_Q3,EVT-CAMP-2025Q3-02-77028593-2,2025-08-21T07:24:27,CAMP-2025Q3-02,Quarterly Sim 2,Quarterly Sim 2,hayden.johnson@example.com,77028593,CORPORATE,EMAIL_CLICK
run_20250930_Q3,EVT-CAMP-2025Q3-02-42997838-1,2025-08-21T07:43:26,CAMP-2025Q3-02,Quarterly Sim 2,Quarterly Sim 2,jordan.hill@example.com,42997838,CORPORATE,EMAIL_VIEW
run_20250930_Q3,EVT-CAMP-2025Q3-02-97075874-1,2025-08-20T03:29:34,CAMP-2025Q3-02,Quarterly Sim 2,Quarterly Sim 2,jordan.patel@example.com,97075874,NBCU,EMAIL_VIEW
run_20250930_Q3,EVT-CAMP-2025Q3-02-46976531-1,2025-08-21T05:44:58,CAMP-2025Q3-02,Quarterly Sim 2,Quarterly Sim 2,sam.allen@example.com,46976531,CABLE,EMAIL_VIEW
run_20250930_Q3,EVT-CAMP-2025Q3-02-39324281-1,2025-08-17T20:26:48,CAMP-2025Q3-02,Quarterly Sim 2,Quarterly Sim 2,jordan.clark@example.com,39324281,SPECTACOR,NO_ACTION
run_20250930_Q3,EVT-CAMP-2025Q3-02-91498217-1,2025-08-22T01:13:20,CAMP-2025Q3-02,Quarterly Sim 2,Quarterly Sim 2,hayden.brown@example.com,91498217,CORPORATE,EMAIL_CLICK
run_20250930_Q3,EVT-CAMP-2025Q3-02-16870886-1,2025-08-17T03:49:54,CAMP-2025Q3-02,Quarterly Sim 2,Quarterly Sim 2,morgan.patel@example.com,16870886,NBCU,EMAIL_VIEW
run_20250930_Q3,EVT-CAMP-2025Q3-02-52260022-1,2025-08-17T17:08:39,CAMP-2025Q3-02,Quarterly Sim 2,Quarterly Sim 2,rowan.lee@example.com,52260022,CABLE,EMAIL_VIEW
run_20250930_Q3,EVT-CAMP-2025Q3-02-81611196-1,2025-08-17T13:36:49,CAMP-2025Q3-02,Quarterly Sim 2,Quarterly Sim 2,riley.wright@example.com,81611196,CORPORATE,NO_ACTION
run_20250930_Q3,EVT-CAMP-2025Q3-02-27052422-1,2025-08-15T09:25:57,CAMP-2025Q3-02,Quarterly Sim 2,Quarterly Sim 2,parker.clark@example.com,27052422,CABLE,REPORTED
run_20250930_Q3,EVT-CAMP-2025Q3-02-51664650-1,2025-08-15T19:33:59,CAMP-2025Q3-02,Quarterly Sim 2,Quarterly Sim 2,rowan.johnson@example.com,51664650,NBCU,EMAIL_CLICK
run_20250930_Q3,EVT-CAMP-2025Q3-02-21692935-1,2025-08-16T08:08:23,CAMP-2025Q3-02,Quarterly Sim 2,Quarterly Sim 2,sage.hill@example.com,21692935,CORPORATE,EMAIL_VIEW
run_20250930_Q3,EVT-CAMP-2025Q3-02-71783038-1,2025-08-20T18:51:31,CAMP-2025Q3-02,Quarterly Sim 2,Quarterly Sim 2,quinn.davis@example.com,71783038,CABLE,NO_ACTION
run_20250930_Q3,EVT-CAMP-2025Q3-02-39717669-1,2025-08-21T17:44:22,CAMP-2025Q3-02,Quarterly Sim 2,Quarterly Sim 2,hayden.martinez@example.com,39717669,CABLE,EMAIL_VIEW
run_20250930_Q3,EVT-CAMP-2025Q3-02-30421841-1,2025-08-16T22:22:30,CAMP-2025Q3-02,Quarterly Sim 2,Quarterly Sim 2,jordan.scott@example.com,30421841,CABLE,EMAIL_VIEW
run_20250930_Q3,EVT-CAMP-2025Q3-02-70283258-1,2025-08-22T22:48:59,CAMP-2025Q3-02,Quarterly Sim 2,Quarterly Sim 2,riley.lewis@example.com,70283258,NBCU,NO_ACTION
run_20250930_Q3,EVT-CAMP-2025Q3-02-94627547-1,2025-08-22T17:29:43,CAMP-2025Q3-02,Quarterly Sim 2,Quarterly Sim 2,jordan.hill@example.com,94627547,NBCU,NO_ACTION
run_20250930_Q3,EVT-CAMP-2025Q3-02-49343672-1,2025-08-21T10:54:10,CAMP-2025Q3-02,Quarterly Sim 2,Quarterly Sim 2,rowan.kim@example.com,49343672,CORPORATE,EMAIL_VIEW
run_20250930_Q3,EVT-CAMP-2025Q3-02-24461934-1,2025-08-19T04:08:13,CAMP-2025Q3-02,Quarterly Sim 2,Quarterly Sim 2,robin.young@example.com,24461934,NBCU,NO_ACTION
run_20250930_Q3,EVT-CAMP-2025Q3-02-84941036-1,2025-08-23T16:03:50,CAMP-2025Q3-02,Quarterly Sim 2,Quarterly Sim 2,casey.allen@example.com,84941036,CABLE,REPORTED
run_20250930_Q3,EVT-CAMP-2025Q3-02-66678786-1,2025-08-22T06:56:52,CAMP-2025Q3-02,Quarterly Sim 2,Quarterly Sim 2,robin.allen@example.com,66678786,NBCU,EMAIL_VIEW
run_20250930_Q3,EVT-CAMP-2025Q3-02-18750396-1,2025-08-23T07:53:27,CAMP-2025Q3-02,Quarterly Sim 2,Quarterly Sim 2,sam.patel@example.com,18750396,CABLE,NO_ACTION
run_20250930_Q3,EVT-CAMP-2025Q3-02-38112997-1,2025-08-23T10:24:52,CAMP-2025Q3-02,Quarterly Sim 2,Quarterly Sim 2,sage.scott@example.com,38112997,CORPORATE,NO_ACTION
run_20250930_Q3,EVT-CAMP-2025Q3-02-79105951-1,2025-08-22T11:19:49,CAMP-2025Q3-02,Quarterly Sim 2,Quarterly Sim 2,morgan.clark@example.com,79105951,NBCU,EMAIL_VIEW
run_20250930_Q3,EVT-CAMP-2025Q3-02-79105951-2,2025-08-22T12:30:49,CAMP-2025Q3-02,Quarterly Sim 2,Quarterly Sim 2,morgan.clark@example.com,79105951,NBCU,EMAIL_CLICK
run_20250930_Q3,EVT-CAMP-2025Q3-02-84903381-1,2025-08-19T19:11:12,CAMP-2025Q3-02,Quarterly Sim 2,Quarterly Sim 2,taylor.johnson@example.com,84903381,CABLE,NO_ACTION
run_20250930_Q3,EVT-CAMP-2025Q3-02-49169499-1,2025-08-15T15:29:04,CAMP-2025Q3-02,Quarterly Sim 2,Quarterly Sim 2,rowan.scott@example.com,49169499,NBCU,EMAIL_CLICK
run_20250930_Q3,EVT-CAMP-2025Q3-02-82428791-1,2025-08-24T18:35:12,CAMP-2025Q3-02,Quarterly Sim 2,Quarterly Sim 2,jordan.davis@example.com,82428791,SPECTACOR,REPORTED
run_20250930_Q3,EVT-CAMP-2025Q3-02-85752267-1,2025-08-16T23:31:28,CAMP-2025Q3-02,Quarterly Sim 2,Quarterly Sim 2,jordan.rodriguez@example.com,85752267,CABLE,NO_ACTION
run_20250930_Q3,EVT-CAMP-2025Q3-02-44873053-1,2025-08-23T01:45:44,CAMP-2025Q3-02,Quarterly Sim 2,Quarterly Sim 2,reese.garcia@example.com,44873053,CABLE,EMAIL_VIEW
run_20250930_Q3,EVT-CAMP-2025Q3-02-90827885-1,2025-08-22T15:13:16,CAMP-2025Q3-02,Quarterly Sim 2,Quarterly Sim 2,robin.nguyen@example.com,90827885,CABLE,NO_ACTION
run_20250930_Q3,EVT-CAMP-2025Q3-02-35949529-1,2025-08-15T14:54:20,CAMP-2025Q3-02,Quarterly Sim 2,Quarterly Sim 2,robin.davis@example.com,35949529,NBCU,NO_ACTION
run_20250930_Q3,EVT-CAMP-2025Q3-02-31560200-1,2025-08-19T03:42:08,CAMP-2025Q3-02,Quarterly Sim 2,Quarterly Sim 2,quinn.johnson@example.com,31560200,CABLE,REPORTED
run_20250930_Q3,EVT-CAMP-2025Q3-02-71424594-1,2025-08-17T07:39:08,CAMP-2025Q3-02,Quarterly Sim 2,Quarterly Sim 2,skyler.lee@example.com,71424594,CABLE,NO_ACTION
run_20250930_Q3,EVT-CAMP-2025Q3-02-67308563-1,2025-08-17T00:51:21,CAMP-2025Q3-02,Quarterly Sim 2,Quarterly Sim 2,skyler.martinez@example.com,67308563,CORPORATE,NO_ACTION
run_20250930_Q3,EVT-CAMP-2025Q3-02-22577723-1,2025-08-12T16:22:13,CAMP-2025Q3-02,Quarterly Sim 2,Quarterly Sim 2,skyler.martinez@example.com,22577723,NBCU,REPORTED
run_20250930_Q3,EVT-CAMP-2025Q3-02-84946306-1,2025-08-22T04:28:55,CAMP-2025Q3-02,Quarterly Sim 2,Quarterly Sim 2,rowan.scott@example.com,84946306,CABLE,EMAIL_CLICK
run_20250930_Q3,EVT-CAMP-2025Q3-02-82440919-1,2025-08-16T08:40:09,CAMP-2025Q3-02,Quarterly Sim 2,Quarterly Sim 2,robin.walker@example.com,82440919,CABLE,EMAIL_VIEW
run_20250930_Q3,EVT-CAMP-2025Q3-02-10662604-1,2025-08-16T08:04:57,CAMP-2025Q3-02,Quarterly Sim 2,Quarterly Sim 2,emerson.allen@example.com,10662604,NBCU,EMAIL_VIEW
run_20250930_Q3,EVT-CAMP-2025Q3-02-81715831-1,2025-08-14T13:45:20,CAMP-2025Q3-02,Quarterly Sim 2,Quarterly Sim 2,quinn.patel@example.com,81715831,CORPORATE,EMAIL_VIEW
run_20250930_Q3,EVT-CAMP-2025Q3-02-80823193-1,2025-08-20T15:55:32,CAMP-2025Q3-02,Quarterly Sim 2,Quarterly Sim 2,cameron.brown@example.com,80823193,NBCU,NO_ACTION
run_20250930_Q3,EVT-CAMP-2025Q3-02-80232787-1,2025-08-18T10:19:23,CAMP-2025Q3-02,Quarterly Sim 2,Quarterly Sim 2,robin.lewis@example.com,80232787,CABLE,NO_ACTION
run_20250930_Q3,EVT-CAMP-2025Q3-02-69836576-1,2025-08-19T12:18:19,CAMP-2025Q3-02,Quarterly Sim 2,Quarterly Sim 2,reese.wright@example.com,69836576,CORPORATE,NO_ACTION
run_20250930_Q3,EVT-CAMP-2025Q3-02-52441042-1,2025-08-22T15:15:24,CAMP-2025Q3-02,Quarterly Sim 2,Quarterly Sim 2,casey.king@example.com,52441042,SPECTACOR,EMAIL_VIEW
run_20250930_Q3,EVT-CAMP-2025Q3-02-73464883-1,2025-08-21T05:55:29,CAMP-2025Q3-02,Quarterly Sim 2,Quarterly Sim 2,robin.hill@example.com,73464883,NBCU,EMAIL_VIEW
run_20250930_Q3,EVT-CAMP-2025Q3-02-34940945-1,2025-08-23T02:21:38,CAMP-2025Q3-02,Quarterly Sim 2,Quarterly Sim 2,taylor.young@example.com,34940945,NBCU,EMAIL_CLICK
run_20250930_Q3,EVT-CAMP-2025Q3-02-60008225-1,2025-08-14T00:04:49,CAMP-2025Q3-02,Quarterly Sim 2,Quarterly Sim 2,skyler.brown@example.com,60008225,CORPORATE,NO_ACTION
run_20250930_Q3,EVT-CAMP-2025Q3-02-51302419-1,2025-08-16T01:55:28,CAMP-2025Q3-02,Quarterly Sim 2,Quarterly Sim 2,rowan.young@example.com,51302419,NBCU,EMAIL_VIEW
run_20250930_Q3,EVT-CAMP-2025Q3-02-55504562-1,2025-08-17T08:38:41,CAMP-2025Q3-02,Quarterly Sim 2,Quarterly Sim 2,sage.brown@example.com,55504562,NBCU,EMAIL_VIEW
run_20250930_Q3,EVT-CAMP-2025Q3-02-61186707-1,2025-08-23T09:43:26,CAMP-2025Q3-02,Quarterly Sim 2,Quarterly Sim 2,robin.lee@example.com,61186707,SPECTACOR,EMAIL_VIEW
run_20250930_Q3,EVT-CAMP-2025Q3-02-13353608-1,2025-08-24T05:49:47,CAMP-2025Q3-02,Quarterly Sim 2,Quarterly Sim 2,morgan.nguyen@example.com,13353608,NBCU,REPORTED
run_20250930_Q3,EVT-CAMP-2025Q3-02-22581729-1,2025-08-20T10:05:56,CAMP-2025Q3-02,Quarterly Sim 2,Quarterly Sim 2,reese.johnson@example.com,22581729,CABLE,NO_ACTION
run_20250930_Q3,EVT-CAMP-2025Q3-02-32093304-1,2025-08-15T08:52:23,CAMP-2025Q3-02,Quarterly Sim 2,Quarterly Sim 2,alex.martinez@example.com,32093304,SPECTACOR,NO_ACTION
run_20250930_Q3,EVT-CAMP-2025Q3-02-49565221-1,2025-08-19T22:26:52,CAMP-2025Q3-02,Quarterly Sim 2,Quarterly Sim 2,rowan.johnson@example.com,49565221,CORPORATE,NO_ACTION
run_20250930_Q3,EVT-CAMP-2025Q3-02-70156265-1,2025-08-20T11:33:29,CAMP-2025Q3-02,Quarterly Sim 2,Quarterly Sim 2,casey.martinez@example.com,70156265,NBCU,NO_ACTION
run_20250930_Q3,EVT-CAMP-2025Q3-02-68898596-1,2025-08-24T17:05:34,CAMP-2025Q3-02,Quarterly Sim 2,Quarterly Sim 2,jordan.king@example.com,68898596,NBCU,NO_ACTION
run_20250930_Q3,EVT-CAMP-2025Q3-02-52398658-1,2025-08-14T04:17:04,CAMP-2025Q3-02,Quarterly Sim 2,Quarterly Sim 2,casey.nguyen@example.com,52398658,CABLE,EMAIL_VIEW
run_20250930_Q3,EVT-CAMP-2025Q3-02-86957199-1,2025-08-20T15:36:11,CAMP-2025Q3-02,Quarterly Sim 2,Quarterly Sim 2,cameron.lopez@example.com,86957199,CABLE,EMAIL_VIEW
run_20250930_Q3,EVT-CAMP-2025Q3-03-18032585-1,2025-09-12T12:35:08,CAMP-2025Q3-03,Quarterly Sim 3,Quarterly Sim 3,cameron.patel@example.com,18032585,CORPORATE,EMAIL_VIEW
run_20250930_Q3,EVT-CAMP-2025Q3-03-79656043-1,2025-09-15T02:23:50,CAMP-2025Q3-03,Quarterly Sim 3,Quarterly Sim 3,sage.kim@example.com,79656043,CORPORATE,EMAIL_CLICK
run_20250930_Q3,EVT-CAMP-2025Q3-03-49499059-1,2025-09-21T23:00:18,CAMP-2025Q3-03,Quarterly Sim 3,Quarterly Sim 3,quinn.garcia@example.com,49499059,NBCU,NO_ACTION
run_20250930_Q3,EVT-CAMP-2025Q3-03-48971370-1,2025-09-19T06:22:28,CAMP-2025Q3-03,Quarterly Sim 3,Quarterly Sim 3,jordan.patel@example.com,48971370,NBCU,REPORTED
run_20250930_Q3,EVT-CAMP-2025Q3-03-87273811-1,2025-09-19T12:18:32,CAMP-2025Q3-03,Quarterly Sim 3,Quarterly Sim 3,robin.nguyen@example.com,87273811,CABLE,NO_ACTION
run_20250930_Q3,EVT-CAMP-2025Q3-03-17735107-1,2025-09-13T15:38:33,CAMP-2025Q3-03,Quarterly Sim 3,Quarterly Sim 3,jamie.hill@example.com,17735107,NBCU,NO_ACTION
run_20250930_Q3,EVT-CAMP-2025Q3-03-72763121-1,2025-09-15T04:53:33,CAMP-2025Q3-03,Quarterly Sim 3,Quarterly Sim 3,casey.patel@example.com,72763121,SPECTACOR,NO_ACTION
run_20250930_Q3,EVT-CAMP-2025Q3-03-18475961-1,2025-09-21T18:33:19,CAMP-2025Q3-03,Quarterly Sim 3,Quarterly Sim 3,drew.lopez@example.com,18475961,NBCU,NO_ACTION
run_20250930_Q3,EVT-CAMP-2025Q3-03-57383107-1,2025-09-16T21:09:45,CAMP-2025Q3-03,Quarterly Sim 3,Quarterly Sim 3,sam.king@example.com,57383107,CABLE,REPORTED
run_20250930_Q3,EVT-CAMP-2025Q3-03-97806010-1,2025-09-18T01:08:05,CAMP-2025Q3-03,Quarterly Sim 3,Quarterly Sim 3,hayden.nguyen@example.com,97806010,SPECTACOR,NO_ACTION
run_20250930_Q3,EVT-CAMP-2025Q3-03-76217712-1,2025-09-16T19:47:59,CAMP-2025Q3-03,Quarterly Sim 3,Quarterly Sim 3,robin.martinez@example.com,76217712,NBCU,NO_ACTION
run_20250930_Q3,EVT-CAMP-2025Q3-03-78502572-1,2025-09-18T01:03:12,CAMP-2025Q3-03,Quarterly Sim 3,Quarterly Sim 3,drew.wright@example.com,78502572,CABLE,EMAIL_VIEW
run_20250930_Q3,EVT-CAMP-2025Q3-03-74572954-1,2025-09-13T03:28:07,CAMP-2025Q3-03,Quarterly Sim 3,Quarterly Sim 3,avery.garcia@example.com,74572954,CORPORATE,EMAIL_VIEW
run_20250930_Q3,EVT-CAMP-2025Q3-03-80745786-1,2025-09-22T23:35:33,CAMP-2025Q3-03,Quarterly Sim 3,Quarterly Sim 3,hayden.johnson@example.com,80745786,SPECTACOR,EMAIL_VIEW
run_20250930_Q3,EVT-CAMP-2025Q3-03-56190391-1,2025-09-19T10:33:31,CAMP-2025Q3-03,Quarterly Sim 3,Quarterly Sim 3,drew.wright@example.com,56190391,CABLE,EMAIL_VIEW
run_20250930_Q3,EVT-CAMP-2025Q3-03-21530226-1,2025-09-11T12:22:15,CAMP-2025Q3-03,Quarterly Sim 3,Quarterly Sim 3,taylor.nguyen@example.com,21530226,CABLE,EMAIL_VIEW
run_20250930_Q3,EVT-CAMP-2025Q3-03-85577339-1,2025-09-19T07:37:42,CAMP-2025Q3-03,Quarterly Sim 3,Quarterly Sim 3,riley.lopez@example.com,85577339,CORPORATE,EMAIL_VIEW
run_20250930_Q3,EVT-CAMP-2025Q3-03-50534733-1,2025-09-12T00:15:51,CAMP-2025Q3-03,Quarterly Sim 3,Quarterly Sim 3,parker.brown@example.com,50534733,SPECTACOR,EMAIL_VIEW
run_20250930_Q3,EVT-CAMP-2025Q3-03-43371821-1,2025-09-19T13:36:03,CAMP-2025Q3-03,Quarterly Sim 3,Quarterly Sim 3,jordan.hill@example.com,43371821,CABLE,REPORTED
run_20250930_Q3,EVT-CAMP-2025Q3-03-26429467-1,2025-09-14T14:23:44,CAMP-2025Q3-03,Quarterly Sim 3,Quarterly Sim 3,hayden.lewis@example.com,26429467,CABLE,NO_ACTION
run_20250930_Q3,EVT-CAMP-2025Q3-03-80341070-1,2025-09-18T14:12:23,CAMP-2025Q3-03,Quarterly Sim 3,Quarterly Sim 3,drew.lee@example.com,80341070,CORPORATE,NO_ACTION
run_20250930_Q3,EVT-CAMP-2025Q3-03-67947860-1,2025-09-19T02:06:11,CAMP-2025Q3-03,Quarterly Sim 3,Quarterly Sim 3,taylor.lewis@example.com,67947860,SPECTACOR,EMAIL_VIEW
run_20250930_Q3,EVT-CAMP-2025Q3-03-67947860-2,2025-09-19T02:57:11,CAMP-2025Q3-03,Quarterly Sim 3,Quarterly Sim 3,taylor.lewis@example.com,67947860,SPECTACOR,EMAIL_CLICK
run_20250930_Q3,EVT-CAMP-2025Q3-03-46217292-1,2025-09-19T00:56:38,CAMP-2025Q3-03,Quarterly Sim 3,Quarterly Sim 3,emerson.rodriguez@example.com,46217292,CABLE,NO_ACTION
run_20250930_Q3,EVT-CAMP-2025Q3-03-84048544-1,2025-09-17T08:06:00,CAMP-2025Q3-03,Quarterly Sim 3,Quarterly Sim 3,jordan.brown@example.com,84048544,CORPORATE,NO_ACTION
run_20250930_Q3,EVT-CAMP-2025Q3-03-59088620-1,2025-09-12T07:16:41,CAMP-2025Q3-03,Quarterly Sim 3,Quarterly Sim 3,parker.wright@example.com,59088620,CABLE,REPORTED
run_20250930_Q3,EVT-CAMP-2025Q3-03-49907277-1,2025-09-16T08:53:47,CAMP-2025Q3-03,Quarterly Sim 3,Quarterly Sim 3,rowan.garcia@example.com,49907277,SPECTACOR,EMAIL_VIEW
run_20250930_Q3,EVT-CAMP-2025Q3-03-50541359-1,2025-09-21T00:27:49,CAMP-2025Q3-03,Quarterly Sim 3,Quarterly Sim 3,sam.nguyen@example.com,50541359,CABLE,EMAIL_VIEW
run_20250930_Q3,EVT-CAMP-2025Q3-03-30451484-1,2025-09-23T08:26:25,CAMP-2025Q3-03,Quarterly Sim 3,Quarterly Sim 3,parker.lopez@example.com,30451484,NBCU,EMAIL_VIEW
run_20250930_Q3,EVT-CAMP-2025Q3-03-18292232-1,2025-09-22T21:42:31,CAMP-2025Q3-03,Quarterly Sim 3,Quarterly Sim 3,robin.rodriguez@example.com,18292232,CABLE,NO_ACTION
run_20250930_Q3,EVT-CAMP-2025Q3-03-59912630-1,2025-09-12T14:36:03,CAMP-2025Q3-03,Quarterly Sim 3,Quarterly Sim 3,quinn.patel@example.com,59912630,NBCU,NO_ACTION
run_20250930_Q3,EVT-CAMP-2025Q3-03-15743552-1,2025-09-16T08:18:57,CAMP-2025Q3-03,Quarterly Sim 3,Quarterly Sim 3,hayden.allen@example.com,15743552,CORPORATE,EMAIL_VIEW
run_20250930_Q3,EVT-CAMP-2025Q3-03-87246215-1,2025-09-12T20:52:08,CAMP-2025Q3-03,Quarterly Sim 3,Quarterly Sim 3,riley.rodriguez@example.com,87246215,CABLE,NO_ACTION
run_20250930_Q3,EVT-CAMP-2025Q3-03-34908372-1,2025-09-16T11:04:25,CAMP-2025Q3-03,Quarterly Sim 3,Quarterly Sim 3,drew.clark@example.com,34908372,NBCU,NO_ACTION
run_20250930_Q3,EVT-CAMP-2025Q3-03-66849795-1,2025-09-15T11:16:47,CAMP-2025Q3-03,Quarterly Sim 3,Quarterly Sim 3,parker.lee@example.com,66849795,NBCU,REPORTED
run_20250930_Q3,EVT-CAMP-2025Q3-03-24870616-1,2025-09-18T09:14:05,CAMP-2025Q3-03,Quarterly Sim 3,Quarterly Sim 3,cameron.patel@example.com,24870616,SPECTACOR,NO_ACTION
run_20250930_Q3,EVT-CAMP-2025Q3-03-78227895-1,2025-09-20T18:45:36,CAMP-2025Q3-03,Quarterly Sim 3,Quarterly Sim 3,hayden.hill@example.com,78227895,CABLE,NO_ACTION
run_20250930_Q3,EVT-CAMP-2025Q3-03-73047066-1,2025-09-19T05:27:32,CAMP-2025Q3-03,Quarterly Sim 3,Quarterly Sim 3,alex.lewis@example.com,73047066,CORPORATE,REPORTED
run_20250930_Q3,EVT-CAMP-2025Q3-03-41907336-1,2025-09-20T14:27:22,CAMP-2025Q3-03,Quarterly Sim 3,Quarterly Sim 3,rowan.wright@example.com,41907336,CABLE,EMAIL_VIEW
run_20250930_Q3,EVT-CAMP-2025Q3-03-16112800-1,2025-09-18T20:35:01,CAMP-2025Q3-03,Quarterly Sim 3,Quarterly Sim 3,parker.johnson@example.com,16112800,NBCU,EMAIL_VIEW
run_20250930_Q3,EVT-CAMP-2025Q3-03-97362821-1,2025-09-18T23:21:57,CAMP-2025Q3-03,Quarterly Sim 3,Quarterly Sim 3,jordan.patel@example.com,97362821,CORPORATE,EMAIL_VIEW
run_20250930_Q3,EVT-CAMP-2025Q3-03-97362821-2,2025-09-19T00:37:57,CAMP-2025Q3-03,Quarterly Sim 3,Quarterly Sim 3,jordan.patel@example.com,97362821,CORPORATE,EMAIL_CLICK
run_20250930_Q3,EVT-CAMP-2025Q3-03-90380900-1,2025-09-11T04:42:48,CAMP-2025Q3-03,Quarterly Sim 3,Quarterly Sim 3,reese.walker@example.com,90380900,CABLE,EMAIL_VIEW
run_20250930_Q3,EVT-CAMP-2025Q3-03-78390948-1,2025-09-14T17:14:32,CAMP-2025Q3-03,Quarterly Sim 3,Quarterly Sim 3,sam.young@example.com,78390948,CABLE,EMAIL_VIEW
run_20250930_Q3,EVT-CAMP-2025Q3-03-27517483-1,2025-09-14T00:30:02,CAMP-2025Q3-03,Quarterly Sim 3,Quarterly Sim 3,casey.young@example.com,27517483,CABLE,EMAIL_VIEW
run_20250930_Q3,EVT-CAMP-2025Q3-03-42751542-1,2025-09-13T05:35:09,CAMP-2025Q3-03,Quarterly Sim 3,Quarterly Sim 3,emerson.kim@example.com,42751542,NBCU,EMAIL_VIEW
run_20250930_Q3,EVT-CAMP-2025Q3-03-42751542-2,2025-09-13T06:38:09,CAMP-2025Q3-03,Quarterly Sim 3,Quarterly Sim 3,emerson.kim@example.com,42751542,NBCU,EMAIL_CLICK
run_20250930_Q3,EVT-CAMP-2025Q3-03-52004889-1,2025-09-17T09:20:49,CAMP-2025Q3-03,Quarterly Sim 3,Quarterly Sim 3,drew.kim@example.com,52004889,CABLE,EMAIL_VIEW
run_20250930_Q3,EVT-CAMP-2025Q3-03-13942338-1,2025-09-11T03:51:14,CAMP-2025Q3-03,Quarterly Sim 3,Quarterly Sim 3,alex.lee@example.com,13942338,NBCU,NO_ACTION
run_20250930_Q3,EVT-CAMP-2025Q3-03-59191254-1,2025-09-19T03:08:26,CAMP-2025Q3-03,Quarterly Sim 3,Quarterly Sim 3,cameron.martinez@example.com,59191254,NBCU,NO_ACTION
run_20250930_Q3,EVT-CAMP-2025Q3-03-23886054-1,2025-09-12T04:10:41,CAMP-2025Q3-03,Quarterly Sim 3,Quarterly Sim 3,cameron.clark@example.com,23886054,CORPORATE,EMAIL_VIEW
run_20250930_Q3,EVT-CAMP-2025Q3-03-76903830-1,2025-09-21T15:00:56,CAMP-2025Q3-03,Quarterly Sim 3,Quarterly Sim 3,jordan.garcia@example.com,76903830,CABLE,EMAIL_VIEW
run_20250930_Q3,EVT-CAMP-2025Q3-03-71474405-1,2025-09-19T17:41:36,CAMP-2025Q3-03,Quarterly Sim 3,Quarterly Sim 3,robin.nguyen@example.com,71474405,CABLE,NO_ACTION
run_20250930_Q3,EVT-CAMP-2025Q3-03-93027504-1,2025-09-23T21:35:40,CAMP-2025Q3-03,Quarterly Sim 3,Quarterly Sim 3,jordan.kim@example.com,93027504,CORPORATE,EMAIL_VIEW
run_20250930_Q3,EVT-CAMP-2025Q3-03-77028593-1,2025-09-16T22:52:04,CAMP-2025Q3-03,Quarterly Sim 3,Quarterly Sim 3,hayden.johnson@example.com,77028593,CORPORATE,EMAIL_VIEW
run_20250930_Q3,EVT-CAMP-2025Q3-03-77028593-2,2025-09-16T23:35:04,CAMP-2025Q3-03,Quarterly Sim 3,Quarterly Sim 3,hayden.johnson@example.com,77028593,CORPORATE,EMAIL_CLICK
run_20250930_Q3,EVT-CAMP-2025Q3-03-42997838-1,2025-09-12T06:13:25,CAMP-2025Q3-03,Quarterly Sim 3,Quarterly Sim 3,jordan.hill@example.com,42997838,CORPORATE,EMAIL_VIEW
run_20250930_Q3,EVT-CAMP-2025Q3-03-97075874-1,2025-09-13T01:08:31,CAMP-2025Q3-03,Quarterly Sim 3,Quarterly Sim 3,jordan.patel@example.com,97075874,NBCU,EMAIL_VIEW
run_20250930_Q3,EVT-CAMP-2025Q3-03-46976531-1,2025-09-18T12:05:51,CAMP-2025Q3-03,Quarterly Sim 3,Quarterly Sim 3,sam.allen@example.com,46976531,CABLE,EMAIL_VIEW
run_20250930_Q3,EVT-CAMP-2025Q3-03-39324281-1,2025-09-21T10:03:28,CAMP-2025Q3-03,Quarterly Sim 3,Quarterly Sim 3,jordan.clark@example.com,39324281,SPECTACOR,NO_ACTION
run_20250930_Q3,EVT-CAMP-2025Q3-03-91498217-1,2025-09-19T01:37:43,CAMP-2025Q3-03,Quarterly Sim 3,Quarterly Sim 3,hayden.brown@example.com,91498217,CORPORATE,EMAIL_VIEW
run_20250930_Q3,EVT-CAMP-2025Q3-03-16870886-1,2025-09-14T04:44:14,CAMP-2025Q3-03,Quarterly Sim 3,Quarterly Sim 3,morgan.patel@example.com,16870886,NBCU,NO_ACTION
run_20250930_Q3,EVT-CAMP-2025Q3-03-52260022-1,2025-09-14T03:44:44,CAMP-2025Q3-03,Quarterly Sim 3,Quarterly Sim 3,rowan.lee@example.com,52260022,CABLE,EMAIL_VIEW
run_20250930_Q3,EVT-CAMP-2025Q3-03-81611196-1,2025-09-17T04:11:43,CAMP-2025Q3-03,Quarterly Sim 3,Quarterly Sim 3,riley.wright@example.com,81611196,CORPORATE,REPORTED
run_20250930_Q3,EVT-CAMP-2025Q3-03-27052422-1,2025-09-15T17:22:21,CAMP-2025Q3-03,Quarterly Sim 3,Quarterly Sim 3,parker.clark@example.com,27052422,CABLE,NO_ACTION
run_20250930_Q3,EVT-CAMP-2025Q3-03-51664650-1,2025-09-12T15:27:46,CAMP-2025Q3-03,Quarterly Sim 3,Quarterly Sim 3,rowan.johnson@example.com,51664650,NBCU,NO_ACTION
run_20250930_Q3,EVT-CAMP-2025Q3-03-21692935-1,2025-09-15T23:13:24,CAMP-2025Q3-03,Quarterly Sim 3,Quarterly Sim 3,sage.hill@example.com,21692935,CORPORATE,EMAIL_VIEW
run_20250930_Q3,EVT-CAMP-2025Q3-03-71783038-1,2025-09-21T05:43:23,CAMP-2025Q3-03,Quarterly Sim 3,Quarterly Sim 3,quinn.davis@example.com,71783038,CABLE,NO_ACTION
run_20250930_Q3,EVT-CAMP-2025Q3-03-39717669-1,2025-09-20T08:29:08,CAMP-2025Q3-03,Quarterly Sim 3,Quarterly Sim 3,hayden.martinez@example.com,39717669,CABLE,NO_ACTION
run_20250930_Q3,EVT-CAMP-2025Q3-03-30421841-1,2025-09-18T07:49:38,CAMP-2025Q3-03,Quarterly Sim 3,Quarterly Sim 3,jordan.scott@example.com,30421841,CABLE,EMAIL_VIEW
run_20250930_Q3,EVT-CAMP-2025Q3-03-70283258-1,2025-09-19T05:16:11,CAMP-2025Q3-03,Quarterly Sim 3,Quarterly Sim 3,riley.lewis@example.com,70283258,NBCU,NO_ACTION
run_20250930_Q3,EVT-CAMP-2025Q3-03-94627547-1,2025-09-18T12:20:59,CAMP-2025Q3-03,Quarterly Sim 3,Quarterly Sim 3,jordan.hill@example.com,94627547,NBCU,EMAIL_VIEW
run_20250930_Q3,EVT-CAMP-2025Q3-03-49343672-1,2025-09-14T01:34:25,CAMP-2025Q3-03,Quarterly Sim 3,Quarterly Sim 3,rowan.kim@example.com,49343672,CORPORATE,EMAIL_VIEW
run_20250930_Q3,EVT-CAMP-2025Q3-03-24461934-1,2025-09-21T09:05:12,CAMP-2025Q3-03,Quarterly Sim 3,Quarterly Sim 3,robin.young@example.com,24461934,NBCU,EMAIL_VIEW
run_20250930_Q3,EVT-CAMP-2025Q3-03-84941036-1,2025-09-16T20:36:17,CAMP-2025Q3-03,Quarterly Sim 3,Quarterly Sim 3,casey.allen@example.com,84941036,CABLE,REPORTED
run_20250930_Q3,EVT-CAMP-2025Q3-03-66678786-1,2025-09-17T02:46:45,CAMP-2025Q3-03,Quarterly Sim 3,Quarterly Sim 3,robin.allen@example.com,66678786,NBCU,NO_ACTION
run_20250930_Q3,EVT-CAMP-2025Q3-03-18750396-1,2025-09-20T11:32:59,CAMP-2025Q3-03,Quarterly Sim 3,Quarterly Sim 3,sam.patel@example.com,18750396,CABLE,NO_ACTION
run_20250930_Q3,EVT-CAMP-2025Q3-03-38112997-1,2025-09-18T00:29:31,CAMP-2025Q3-03,Quarterly Sim 3,Quarterly Sim 3,sage.scott@example.com,38112997,CORPORATE,EMAIL_VIEW
run_20250930_Q3,EVT-CAMP-2025Q3-03-38112997-2,2025-09-18T00:39:31,CAMP-2025Q3-03,Quarterly Sim 3,Quarterly Sim 3,sage.scott@example.com,38112997,CORPORATE,EMAIL_CLICK
run_20250930_Q3,EVT-CAMP-2025Q3-03-79105951-1,2025-09-20T17:49:39,CAMP-2025Q3-03,Quarterly Sim 3,Quarterly Sim 3,morgan.clark@example.com,79105951,NBCU,NO_ACTION
run_20250930_Q3,EVT-CAMP-2025Q3-03-84903381-1,2025-09-13T05:38:15,CAMP-2025Q3-03,Quarterly Sim 3,Quarterly Sim 3,taylor.johnson@example.com,84903381,CABLE,EMAIL_VIEW
run_20250930_Q3,EVT-CAMP-2025Q3-03-49169499-1,2025-09-20T14:16:06,CAMP-2025Q3-03,Quarterly Sim 3,Quarterly Sim 3,rowan.scott@example.com,49169499,NBCU,EMAIL_VIEW
run_20250930_Q3,EVT-CAMP-2025Q3-03-82428791-1,2025-09-15T04:29:32,CAMP-2025Q3-03,Quarterly Sim 3,Quarterly Sim 3,jordan.davis@example.com,82428791,SPECTACOR,EMAIL_VIEW
run_20250930_Q3,EVT-CAMP-2025Q3-03-85752267-1,2025-09-14T03:18:31,CAMP-2025Q3-03,Quarterly Sim 3,Quarterly Sim 3,jordan.rodriguez@example.com,85752267,CABLE,EMAIL_VIEW
run_20250930_Q3,EVT-CAMP-2025Q3-03-85752267-2,2025-09-14T04:38:31,CAMP-2025Q3-03,Quarterly Sim 3,Quarterly Sim 3,jordan.rodriguez@example.com,85752267,CABLE,EMAIL_CLICK
run_20250930_Q3,EVT-CAMP-2025Q3-03-85752267-3,2025-09-14T06:02:31,CAMP-2025Q3-03,Quarterly Sim 3,Quarterly Sim 3,jordan.rodriguez@example.com,85752267,CABLE,DATA_SUBMISSION
run_20250930_Q3,EVT-CAMP-2025Q3-03-44873053-1,2025-09-15T17:10:02,CAMP-2025Q3-03,Quarterly Sim 3,Quarterly Sim 3,reese.garcia@example.com,44873053,CABLE,NO_ACTION
run_20250930_Q3,EVT-CAMP-2025Q3-03-90827885-1,2025-09-13T20:59:14,CAMP-2025Q3-03,Quarterly Sim 3,Quarterly Sim 3,robin.nguyen@example.com,90827885,CABLE,EMAIL_VIEW
run_20250930_Q3,EVT-CAMP-2025Q3-03-35949529-1,2025-09-17T18:13:45,CAMP-2025Q3-03,Quarterly Sim 3,Quarterly Sim 3,robin.davis@example.com,35949529,NBCU,NO_ACTION
run_20250930_Q3,EVT-CAMP-2025Q3-03-31560200-1,2025-09-22T08:10:55,CAMP-2025Q3-03,Quarterly Sim 3,Quarterly Sim 3,quinn.johnson@example.com,31560200,CABLE,NO_ACTION
run_20250930_Q3,EVT-CAMP-2025Q3-03-71424594-1,2025-09-13T11:14:16,CAMP-2025Q3-03,Quarterly Sim 3,Quarterly Sim 3,skyler.lee@example.com,71424594,CABLE,EMAIL_VIEW
run_20250930_Q3,EVT-CAMP-2025Q3-03-67308563-1,2025-09-17T01:35:48,CAMP-2025Q3-03,Quarterly Sim 3,Quarterly Sim 3,skyler.martinez@example.com,67308563,CORPORATE,EMAIL_VIEW
run_20250930_Q3,EVT-CAMP-2025Q3-03-22577723-1,2025-09-18T12:11:55,CAMP-2025Q3-03,Quarterly Sim 3,Quarterly Sim 3,skyler.martinez@example.com,22577723,NBCU,EMAIL_VIEW
run_20250930_Q3,EVT-CAMP-2025Q3-03-84946306-1,2025-09-18T04:17:38,CAMP-2025Q3-03,Quarterly Sim 3,Quarterly Sim 3,rowan.scott@example.com,84946306,CABLE,NO_ACTION
run_20250930_Q3,EVT-CAMP-2025Q3-03-82440919-1,2025-09-17T17:05:47,CAMP-2025Q3-03,Quarterly Sim 3,Quarterly Sim 3,robin.walker@example.com,82440919,CABLE,NO_ACTION
run_20250930_Q3,EVT-CAMP-2025Q3-03-10662604-1,2025-09-13T05:15:19,CAMP-2025Q3-03,Quarterly Sim 3,Quarterly Sim 3,emerson.allen@example.com,10662604,NBCU,NO_ACTION
run_20250930_Q3,EVT-CAMP-2025Q3-03-81715831-1,2025-09-14T22:18:13,CAMP-2025Q3-03,Quarterly Sim 3,Quarterly Sim 3,quinn.patel@example.com,81715831,CORPORATE,EMAIL_VIEW
run_20250930_Q3,EVT-CAMP-2025Q3-03-80823193-1,2025-09-17T21:32:50,CAMP-2025Q3-03,Quarterly Sim 3,Quarterly Sim 3,cameron.brown@example.com,80823193,NBCU,NO_ACTION
run_20250930_Q3,EVT-CAMP-2025Q3-03-80232787-1,2025-09-11T05:33:29,CAMP-2025Q3-03,Quarterly Sim 3,Quarterly Sim 3,robin.lewis@example.com,80232787,CABLE,NO_ACTION
run_20250930_Q3,EVT-CAMP-2025Q3-03-69836576-1,2025-09-14T08:49:45,CAMP-2025Q3-03,Quarterly Sim 3,Quarterly Sim 3,reese.wright@example.com,69836576,CORPORATE,NO_ACTION
run_20250930_Q3,EVT-CAMP-2025Q3-03-52441042-1,2025-09-15T05:13:31,CAMP-2025Q3-03,Quarterly Sim 3,Quarterly Sim 3,casey.king@example.com,52441042,SPECTACOR,REPORTED
run_20250930_Q3,EVT-CAMP-2025Q3-03-73464883-1,2025-09-17T18:41:53,CAMP-2025Q3-03,Quarterly Sim 3,Quarterly Sim 3,robin.hill@example.com,73464883,NBCU,EMAIL_VIEW
run_20250930_Q3,EVT-CAMP-2025Q3-03-34940945-1,2025-09-15T13:07:20,CAMP-2025Q3-03,Quarterly Sim 3,Quarterly Sim 3,taylor.young@example.com,34940945,NBCU,EMAIL_VIEW
run_20250930_Q3,EVT-CAMP-2025Q3-03-60008225-1,2025-09-21T00:39:11,CAMP-2025Q3-03,Quarterly Sim 3,Quarterly Sim 3,skyler.brown@example.com,60008225,CORPORATE,EMAIL_VIEW
run_20250930_Q3,EVT-CAMP-2025Q3-03-51302419-1,2025-09-16T10:51:55,CAMP-2025Q3-03,Quarterly Sim 3,Quarterly Sim 3,rowan.young@example.com,51302419,NBCU,REPORTED
run_20250930_Q3,EVT-CAMP-2025Q3-03-55504562-1,2025-09-11T13:15:10,CAMP-2025Q3-03,Quarterly Sim 3,Quarterly Sim 3,sage.brown@example.com,55504562,NBCU,REPORTED
run_20250930_Q3,EVT-CAMP-2025Q3-03-61186707-1,2025-09-14T18:30:54,CAMP-2025Q3-03,Quarterly Sim 3,Quarterly Sim 3,robin.lee@example.com,61186707,SPECTACOR,REPORTED
run_20250930_Q3,EVT-CAMP-2025Q3-03-13353608-1,2025-09-17T10:54:53,CAMP-2025Q3-03,Quarterly Sim 3,Quarterly Sim 3,morgan.nguyen@example.com,13353608,NBCU,EMAIL_CLICK
run_20250930_Q3,EVT-CAMP-2025Q3-03-22581729-1,2025-09-16T00:57:23,CAMP-2025Q3-03,Quarterly Sim 3,Quarterly Sim 3,reese.johnson@example.com,22581729,CABLE,NO_ACTION
run_20250930_Q3,EVT-CAMP-2025Q3-03-32093304-1,2025-09-23T06:53:03,CAMP-2025Q3-03,Quarterly Sim 3,Quarterly Sim 3,alex.martinez@example.com,32093304,SPECTACOR,EMAIL_VIEW
run_20250930_Q3,EVT-CAMP-2025Q3-03-49565221-1,2025-09-20T11:55:37,CAMP-2025Q3-03,Quarterly Sim 3,Quarterly Sim 3,rowan.johnson@example.com,49565221,CORPORATE,EMAIL_VIEW
run_20250930_Q3,EVT-CAMP-2025Q3-03-70156265-1,2025-09-16T09:43:25,CAMP-2025Q3-03,Quarterly Sim 3,Quarterly Sim 3,casey.martinez@example.com,70156265,NBCU,NO_ACTION
run_20250930_Q3,EVT-CAMP-2025Q3-03-68898596-1,2025-09-20T10:01:03,CAMP-2025Q3-03,Quarterly Sim 3,Quarterly Sim 3,jordan.king@example.com,68898596,NBCU,NO_ACTION
run_20250930_Q3,EVT-CAMP-2025Q3-03-52398658-1,2025-09-21T02:10:48,CAMP-2025Q3-03,Quarterly Sim 3,Quarterly Sim 3,casey.nguyen@example.com,52398658,CABLE,EMAIL_VIEW
run_20250930_Q3,EVT-CAMP-2025Q3-03-86957199-1,2025-09-17T08:00:55,CAMP-2025Q3-03,Quarterly Sim 3,Quarterly Sim 3,cameron.lopez@example.com,86957199,CABLE,NO_ACTION
run_20250930_Q3,EVT-CAMP-2025Q3-01-18032585-1,2025-08-21T07:43:26,CAMP-2025Q3-02,Quarterly Sim 2,Quarterly Sim 2,,42997838,CORPORATE,EMAIL_VIEW
run_20250930_Q3,EVT-CAMP-2025Q3-01-59912630-1,2025-07-16T23:14:06,CAMP-2025Q3-01,Quarterly Sim 1,Quarterly Sim 1,quinn.patel@example.com,59912630,NBCU,NO_ACTION
run_20250930_Q3,EVT-CAMP-2025Q3-02-90827885-1,2025-08-22T15:13:16,CAMP-2025Q3-02,Quarterly Sim 2,Quarterly Sim 2,robin.nguyen@example.com,90827885,CABLE,NO_ACTION
run_20250930_Q3,EVT-CAMP-2025Q3-03-68898596-1,2025-09-20T10:01:03,CAMP-2025Q3-03,Quarterly Sim 3,Quarterly Sim 3,jordan.king@example.com,68898596,NBCU,NO_ACTION
run_20250930_Q3,EVT-CAMP-2025Q3-03-85752267-1,2025-09-14T03:18:31,CAMP-2025Q3-03,Quarterly Sim 3,Quarterly Sim 3,jordan.rodriguez@example.com,85752267,CABLE,EMAIL_VIEW
run_20250930_Q3,EVT-CAMP-2025Q3-03-56190391-1,2025-09-19T10:33:31,CAMP-2025Q3-03,Quarterly Sim 3,Quarterly Sim 3,drew.wright@example.com,56190391,CABLE,EMAIL_VIEW
run_20250930_Q3,EVT-CAMP-2025Q3-03-13353608-1,2025-09-17T10:54:53,CAMP-2025Q3-03,Quarterly Sim 3,Quarterly Sim 3,morgan.nguyen@example.com,13353608,NBCU,EMAIL_CLICK
run_20250930_Q3,EVT-CAMP-2025Q3-03-90827885-1,2025-09-13T20:59:14,CAMP-2025Q3-03,Quarterly Sim 3,Quarterly Sim 3,robin.nguyen@example.com,90827885,CABLE,EMAIL_VIEW
run_20250930_Q3,EVT-CAMP-2025Q3-02-44873053-1,2025-08-23T01:45:44,CAMP-2025Q3-02,Quarterly Sim 2,Quarterly Sim 2,reese.garcia@example.com,44873053,CABLE,EMAIL_VIEW
run_20250930_Q3,EVT-CAMP-2025Q3-01-30451484-2,2025-07-15T04:51:41,CAMP-2025Q3-01,Quarterly Sim 1,Quarterly Sim 1,parker.lopez@example.com,30451484,NBCU,EMAIL_CLICK
